1.64.112.113,80,admin,admin
101.78.191.174,80,admin,admin
112.119.112.128,80,admin,admin
112.120.87.214,80,admin,admin
114.35.145.63,80,admin,admin
114.35.60.198,80,admin,admin
115.160.181.130,80,admin,admin
116.48.135.130,80,admin,admin
118.140.120.62,80,admin,admin
118.142.38.78,80,admin,admin
119.246.114.22,80,admin,admin
119.247.97.199,80,admin,admin
123.193.38.134,80,admin,admin
123.202.138.176,80,admin,admin
123.202.141.80,80,admin,admin
124.158.202.107,80,admin,admin
124.244.17.93,80,admin,admin
14.136.69.221,80,admin,admin
14.198.139.192,80,admin,admin
14.199.15.34,80,admin,admin
175.182.226.22,80,admin,admin
180.177.184.17,80,admin,admin
183.178.166.42,80,admin,admin
183.178.36.101,80,admin,admin
183.179.247.203,80,admin,admin
202.71.214.239,80,admin,admin
203.132.202.34,80,admin,admin
203.132.202.47,80,admin,admin
203.186.57.208,80,admin,admin
210.5.174.10,80,admin,admin
210.5.177.75,80,admin,admin
210.6.116.119,80,admin,admin
218.103.114.26,80,admin,admin
218.250.197.229,80,admin,admin
219.76.186.139,80,admin,admin
220.132.35.201,80,admin,admin
220.133.247.195,80,admin,admin
220.134.153.174,80,admin,admin
220.246.236.202,80,admin,admin
221.125.62.44,80,admin,admin
223.197.207.52,80,admin,admin
223.197.209.21,80,admin,admin
223.197.229.134,80,admin,admin
58.152.104.183,80,admin,admin
58.152.104.207,80,admin,admin
58.152.104.80,80,admin,admin
58.152.108.229,80,admin,admin
58.152.124.12,80,admin,admin
58.152.26.245,80,admin,admin
58.152.31.148,80,admin,admin
58.152.79.163,80,admin,admin
58.152.93.3,80,admin,admin
58.152.93.53,80,admin,admin
58.152.98.86,80,admin,admin
58.177.230.142,80,admin,admin
58.177.39.78,80,admin,admin
59.124.113.68,80,admin,admin
59.126.109.89,80,admin,admin
59.126.144.153,80,admin,admin
59.127.225.252,80,admin,admin
59.127.239.179,80,admin,admin
59.148.75.249,80,admin,admin
59.152.207.18,80,admin,admin
61.10.60.116,80,admin,admin
61.238.161.136,80,admin,admin
61.92.69.192,80,admin,admin
